rep,llc_mpki,lfmr,ipc,mem_bound_frac,l1_stall_frac,l2_stall_frac,l2_hit_rate,l2_miss_rate_req,l1_miss_rate
1,6.633185379985399,0.7984196173330991,0.43458045371188453,0.625837977855891,0.2592237535961642,0.25709970663707593,0.19928950544140162,0.7492735262853292,0.02533015927840209
2,6.65292494247103,0.8022352027952466,0.42935884381728406,0.6290476339763305,0.26035739841052097,0.25829931534431094,0.19530583537767504,0.7478452298492868,0.025357474677584087
3,6.611341773705523,0.7760466290430583,0.43695128687322377,0.6146895383377053,0.25912827083876716,0.2570454256528372,0.22188277108738372,0.7533619198678951,0.026028587759575207
4,6.58766017423915,0.7786732536336897,0.43891824178996147,0.6157634636536696,0.2588608099668413,0.25680622126363456,0.21904392693574165,0.7562885363018896,0.025662917902201893
