rep,llc_mpki,lfmr,ipc,mem_bound_frac,l1_stall_frac,l2_stall_frac,l2_hit_rate,l2_miss_rate_req,l1_miss_rate
1,6.687958027393788,0.8098013646467982,0.4125012788982686,0.6155458582474381,0.2617619697094361,0.25963065759997433,0.18802657346526522,0.7125620284781164,0.025925375710414315
2,6.6816068593645195,0.7909043648812515,0.43150786574733696,0.6154958537323131,0.2584375989047824,0.25619562695374987,0.2068586012542498,0.7208576040814559,0.026340492211824128
3,6.696989011787709,0.7974078493820871,0.4217209313868095,0.6189156829541395,0.2598936045726261,0.257755018043013,0.20008969379440703,0.7213238504051352,0.026274524402344266
