rep,llc_mpki,lfmr,ipc,mem_bound_frac,l1_stall_frac,l2_stall_frac,l2_hit_rate,l2_miss_rate_req,l1_miss_rate
1,7.281723609624141,0.785123640068653,0.4199673394959984,0.5971457134842547,0.2579685830465458,0.25602056871787954,0.2126944692396162,0.7021351171741085,0.027597781108425062
2,7.295499198208735,0.7850540633808368,0.41892511319164843,0.5991705229834279,0.25809216148203445,0.2561445984867628,0.21261537357766522,0.7036053689989191,0.02766664429120223
3,7.305012473982565,0.7852209504639709,0.41817025846141503,0.5961786322015453,0.2579917468478421,0.2560346296746043,0.2125069835409157,0.7044435430854595,0.027698024519157483
