rep,llc_mpki,lfmr,ipc,mem_bound_frac,l1_stall_frac,l2_stall_frac,l2_hit_rate,l2_miss_rate_req,l1_miss_rate
1,6.7131448804618215,0.8183415020663143,0.3987017099481376,0.6265205433214133,0.2644276868968207,0.2624097101105703,0.17946292486579005,0.709372237008787,0.02585719042829007
2,6.630706110417473,0.7716439947410236,0.4305727676896196,0.6144334973899335,0.2588494697210287,0.2566416531051485,0.2262089892593661,0.7261267134602652,0.02673479796893141
3,6.7269665567245935,0.8089547429124027,0.4104236734796761,0.6228662125865695,0.26235258608697115,0.26029147778882195,0.18858224898573958,0.715734349905763,0.026181987069308226
