metric,description,mean,std,cv_pct,range_pct,damov_threshold,damov_verdict
llc_mpki,LLC MPKI (L2_MISS×1000/instructions),7.321583885135257,0.007186579608445845,0.09815607826383706,0.19171165636341328,1.0,✓ EXCEEDS
lfmr,LFMR (L2_MISS/L1_MISS),0.7889251759736102,0.002013653142378444,0.25524006632104246,0.5023395737896784,0.1,✓ EXCEEDS
ipc,IPC (instructions/cycles),0.40592610267373636,0.000699148379935173,0.17223538356613505,0.32108172562742854,1.0,✓ EXCEEDS
mem_bound_frac,Memory-bound fraction (TDB),0.6063124346005069,0.00087395776787945,0.14414313776284202,0.2807503568481373,0.2,✓ EXCEEDS
l1_stall_frac,L1D stall fraction (STALLS_L1D/SLOTS),0.26021693206234686,0.00011935579979036574,0.0458678068503892,0.08950805142419507,—,—
l2_stall_frac,L2 stall fraction (STALLS_L2/SLOTS),0.2583630185834536,0.00013079786465702514,0.05062561405814208,0.09677529632416002,—,—
l2_hit_rate,L2 hit rate (L2_HIT/L1_MISS),0.20928004792495125,0.0020199066895242018,0.9651692598276492,1.9105395372070924,—,—
l2_miss_rate_req,L2 miss rate (L2_RQSTS.MISS/L2_RQSTS.REF) — includes prefetcher,0.6997725348565544,0.0019350804707198427,0.27652992570171575,0.5110530527656975,—,—
l1_miss_rate,L1 miss rate (L1_MISS/(L1_HIT+L1_MISS)),0.027630173837187532,3.766501075198714e-05,0.13631839949299812,0.2655267801510873,—,—
