rep,llc_mpki,lfmr,ipc,mem_bound_frac,l1_stall_frac,l2_stall_frac,l2_hit_rate,l2_miss_rate_req,l1_miss_rate
1,7.313672731214614,0.7867368400807813,0.40672398208000227,0.6060832032241188,0.2600853809639487,0.2582157981855619,0.21144583653285537,0.6975573398996986,0.027671790437881247
2,7.323369863238316,0.7893387643927627,0.40542062754476527,0.6072781624505786,0.2603182960693135,0.2584658297623881,0.2089468487682351,0.7006267158684657,0.027620306146740128
3,7.327709060952843,0.7906999234472866,0.4056336983964414,0.6055759381268231,0.26024711915377835,0.25840742780241077,0.20744745847376322,0.7011335488014989,0.027598424926941215
