rep,llc_mpki,lfmr,ipc,mem_bound_frac,l1_stall_frac,l2_stall_frac,l2_hit_rate,l2_miss_rate_req,l1_miss_rate
1,6.701392619537716,0.8055061466612939,0.42155516963862366,0.6030899782035659,0.25974679374655274,0.2575201922367056,0.19211279236687237,0.7164075994146336,0.026048831162094138
2,6.705578511307196,0.7934679009492139,0.4300962905271639,0.6110608584034075,0.258667062692181,0.2564400560270506,0.20408587627484612,0.721328641963494,0.026346789748205528
3,6.677167520523482,0.7933627572168696,0.4275933217137532,0.6131522152759139,0.25883737557527137,0.25661051071983687,0.2044555050923031,0.7221432940071317,0.02631404601295178
