rep,llc_mpki,lfmr,ipc,mem_bound_frac,l1_stall_frac,l2_stall_frac,l2_hit_rate,l2_miss_rate_req,l1_miss_rate
1,6.740770923579558,0.795827966806093,0.4423599707578873,0.6233024429338673,0.25839881906053536,0.2562357556928517,0.20208420966712667,0.7501047103449429,0.02581577080506473
2,6.68772887551128,0.7914164952761763,0.44369936978367924,0.6200604646868092,0.25827601751467666,0.2561750125484309,0.20644279969920493,0.7584861174849256,0.02574514094631368
3,6.7108903803023745,0.7700157365118881,0.44398531876315667,0.6191306375290188,0.2583210859498669,0.256191591396231,0.2280507620383828,0.7524587107216549,0.02657352220539652
4,6.68432947520929,0.795656345833254,0.44256927219239395,0.6184121316223518,0.2584860284676301,0.2564160464755908,0.20223935295697548,0.7622116017820573,0.025454455691786462
