rep,llc_mpki,lfmr,ipc,mem_bound_frac,l1_stall_frac,l2_stall_frac,l2_hit_rate,l2_miss_rate_req,l1_miss_rate
1,6.64028070611012,0.7746603367125942,0.4458614877163674,0.6115221319284918,0.25596868770264364,0.25348656643385836,0.22338437802285882,0.7280935469238743,0.02708225958990666
2,6.647377541232202,0.7733547666303325,0.4445868231225573,0.6109174984651101,0.2563824387508196,0.2539766557126162,0.2246981075331184,0.7296728389106807,0.02723193604334783
3,6.635687769367178,0.7730354059703253,0.44209154565539166,0.6122975641611342,0.256409636112086,0.2540287970921055,0.2251002019051822,0.7323033333409124,0.027273570588421798
